asin,brand,subcategory,image,is_fba,bsr_main,bsr_sub,seller_name
B0D8W1YVBX,EQQUALBERRY,Serums,https://m.media-amazon.com/images/I/614vlOIc8YL.jpg,True,22.0,2.0,boosterskorea
B08KT2Z93D,eos,Lotions,https://m.media-amazon.com/images/I/51lP01--ejL.jpg,True,2.0,1.0,
B09541P9WH,Amazon Basics,Cotton Swabs,https://m.media-amazon.com/images/I/612HeyYXOnL.jpg,,41.0,2.0,
B00AHAWWO0,Crest,Strips,https://m.media-amazon.com/images/I/715rFhZpV0L.jpg,True,121.0,1.0,
B0DBF65JYY,medicube,Serums,https://m.media-amazon.com/images/I/615DOoCI6xL.jpg,True,49.0,4.0,Medicube & Aprilskin
B0DPHQRLJC,eos,Body Washes,https://m.media-amazon.com/images/I/51bThha-95L.jpg,True,12.0,1.0,
B0BK2SC18T,GuruNanda,Strips,https://m.media-amazon.com/images/I/71EybBZ-jpL.jpg,True,139.0,2.0,GuruNanda LLC
B091NJQ29P,Good Molecules,Gels,https://m.media-amazon.com/images/I/71QsFtfDUCL.jpg,True,116.0,1.0,Good Molecules US
B0113UZJE2,‎Etekcity,Digital Scales,https://m.media-amazon.com/images/I/91YrLTBnMcL.jpg,True,3.0,1.0,
B0CJ1B6D6S,Scrub Daddy,Sponges,https://m.media-amazon.com/images/I/71kiOOs1MGL.jpg,True,311.0,3.0,Front Row Group
B07PZF3QS3,‎KitchenAid,Shears,https://m.media-amazon.com/images/I/51Byq+vTy1L.jpg,True,14.0,1.0,
B0CTJGJL2T,GODONLIF,Candle Lamps,https://m.media-amazon.com/images/I/810vcJJDrkL.jpg,True,58.0,1.0,GODONLIF US
B0F2TB2MMP,‎ukeetap,Flatware Organizers,https://m.media-amazon.com/images/I/711fUeua6GL.jpg,True,19.0,2.0,Ukeetap
B07HRCDDL1,MR.SIGA,Cleaning Cloths,https://m.media-amazon.com/images/I/91AFRzSSLbL.jpg,True,395.0,2.0,Mr SIGA USA
B0C3QZ7SNF,Cisily,Kitchen Storage & Organization Accessories,https://m.media-amazon.com/images/I/81shIEM-H2L.jpg,True,25.0,1.0,CISILY HOME LIFE
B0CQMRKRV5,Amazon,Electronics,https://m.media-amazon.com/images/I/61pvHU+76pL.jpg,True,,,
B0DGHMNQ5Z,Apple,All Departments,https://m.media-amazon.com/images/I/61iBtxCUabL.jpg,True,,,
B0FC5FJZ9Z,Nintendo,Consoles,https://m.media-amazon.com/images/I/715AHrLja3L.jpg,,6.0,1.0,
B0FC6S2R7K,TERUNSOUl,On-Dash Cameras,https://m.media-amazon.com/images/I/81oa74mGntL.jpg,True,135.0,1.0,Ren-US
B0FLXY2CBC,ukeetap,Choppers,https://m.media-amazon.com/images/I/71oEi5leWdL.jpg,True,22.0,1.0,Ukeetap
B0B72DBKVF,DURACELL,9V,https://m.media-amazon.com/images/I/61ZSfHGJ2bL.jpg,True,90.0,3.0,
B01FWAZEIU,APC,Uninterruptible Power Supply (UPS),https://m.media-amazon.com/images/I/61-O0p1npOL.jpg,True,1.0,,
B0F43VY6TC,‎xiwxi,Batteries & Chargers,https://m.media-amazon.com/images/I/71zbZrNvOmL.jpg,True,27.0,1.0,zttamzusd
B09B2SBHQK,Amazon,Amazon Devices,https://m.media-amazon.com/images/I/81qEr5kbIwL.jpg,True,,,
B07HJSHT8P,‎Franklin Sports,Batting Tees,https://m.media-amazon.com/images/I/61-axin60NL.jpg,True,107.0,1.0,
B088H5DWV3,WEERTI,Sets,https://m.media-amazon.com/images/I/51T4Bf02rPL.jpg,True,921.0,1.0,WEERTI
B0009KF59W,‎WILSON,Basketballs,https://m.media-amazon.com/images/I/81ATTfCvMIL.jpg,True,90.0,1.0,
B0CG2LW9RN,‎Little Tikes,Toy Baseball,https://m.media-amazon.com/images/I/61uTWxjfzGL.jpg,True,602.0,3.0,
B08JGNRJ8P,‎BooTaa,Dartboards,https://m.media-amazon.com/images/I/71CRKRGYHCL.jpg,True,847.0,1.0,
B08P286Q26,Nerf,Toy Football,https://m.media-amazon.com/images/I/71Qi3kHL4lL.jpg,True,829.0,4.0,
B0C9BLDRYS,HYES,Toy Baseball,https://m.media-amazon.com/images/I/6155w+5P5nL.jpg,True,547.0,2.0,
B09GNQD678,‎Nerf,Toy Balls,https://m.media-amazon.com/images/I/81aAqMnn46L.jpg,True,3266.0,23.0,
